ID процесса B;Время выполнения процесса B (мс);ID процесса (ов) A
1;72;0
2;78;0
3;44;1
4;69;0
5;46;2
6;85;2; 3; 4
7;89;1; 4
8;47;4; 5; 6
9;45;1; 3; 4; 5
10;60;2; 3; 6; 7
11;45;1; 4; 8
12;90;5; 6; 8
13;53;1; 4; 10; 11
14;69;2; 8
15;78;2; 12
16;43;8
17;46;6; 11; 13; 14; 15
18;87;0
19;56;8; 13
20;90;6; 7; 8; 13
21;61;6; 16
22;88;2; 11; 13
23;72;0
24;82;2; 6; 14; 21
25;51;6; 14; 17
26;47;20
27;45;2; 4; 6; 12
28;68;13; 20; 22; 25; 26
29;83;3; 10
30;45;3; 18; 21; 22
31;58;8; 19; 27
32;43;0
33;72;1; 2; 6; 12; 23
34;86;8; 24
35;73;4; 19; 29; 32
36;51;3; 31
37;46;4
38;45;2; 8; 22
39;60;26
40;57;1; 19
41;46;23; 25
42;63;13; 27; 35; 38; 40
43;60;9; 31
44;54;20; 23
45;76;0
46;60;5
47;54;9; 23
48;84;2; 14
49;48;16; 19; 23; 29; 41
50;89;0
51;55;0
52;87;4; 39; 42
53;47;0
54;67;12; 45; 47
55;67;1; 16; 18; 26; 37
56;58;54
57;80;5; 19; 34; 51; 55
58;79;11
59;85;6; 9; 30; 36
60;59;7; 12
61;71;4; 14; 40; 50
62;64;31; 59
63;45;50
64;41;0
65;59;3; 11; 44; 55
66;46;30; 64
67;60;39; 41; 55; 57; 64
68;80;8; 10; 16; 61
69;68;14
70;79;11; 23; 49
71;59;2; 18
72;59;38; 46; 56
73;67;4; 15; 21; 36; 57
74;56;33; 59
75;56;28; 31; 36; 55; 70
76;51;28
77;63;19; 37; 38; 39; 53
78;64;0
79;84;0
80;48;0
81;61;0
82;45;7
83;78;74
84;57;10; 16; 62; 67; 73
85;54;9; 73; 78; 80; 81
86;59;3; 20; 29; 39; 40
87;83;58; 74; 82
88;43;0
89;40;5; 40; 42; 62
90;57;0
91;63;13; 64; 83
92;79;0
93;82;88
94;86;0
95;71;28
96;89;6; 20; 78
97;59;2; 26; 63; 88
98;42;0
99;69;40; 93
100;41;3; 49; 72; 79; 81
